<?xml version="1.0"?>
<data grt_format="2.0">
  <value _ptr_="05C3B8E0" type="list" content-type="object" content-struct-name="db.mgmt.Connection">
    <value type="object" struct-name="db.mgmt.Connection" id="{3FE75DC6-2AC4-42D7-80AC-A0874370F382}" struct-checksum="0x96ba47d8">
      <link type="object" struct-name="db.mgmt.Driver" key="driver">com.mysql.rdbms.mysql.driver.native</link>
      <value type="string" key="hostIdentifier">Mysql@127.0.0.1:3306</value>
      <value type="int" key="isDefault">1</value>
      <value _ptr_="0B05BF20" type="dict" key="modules"/>
      <value _ptr_="0B05BD60" type="dict" key="parameterValues">
        <value type="string" key="DbSqlEditor:LastDefaultSchema">saclife</value>
        <value type="string" key="SQL_MODE"></value>
        <value type="string" key="hostName">127.0.0.1</value>
        <value type="int" key="lastConnected">1433608752</value>
        <value type="string" key="password"></value>
        <value type="int" key="port">3306</value>
        <value type="string" key="serverVersion">5.7.4-m14</value>
        <value type="string" key="sslCA"></value>
        <value type="string" key="sslCert"></value>
        <value type="string" key="sslCipher"></value>
        <value type="string" key="sslKey"></value>
        <value type="int" key="useSSL">1</value>
        <value type="string" key="userName">root</value>
      </value>
      <value type="string" key="name">new connection</value>
      <link type="object" struct-name="GrtObject" key="owner">{32675909-618E-4148-9EF8-0C9D8CA07F70}</link>
    </value>
  </value>
</data>
