<?xml version="1.0"?>
<data grt_format="2.0">
  <value _ptr_="05C3B928" type="list" content-type="object" content-struct-name="db.mgmt.ServerInstance">
    <value type="object" struct-name="db.mgmt.ServerInstance" id="{EFD2A37C-C447-47BF-B7BA-AEB396F64DD9}" struct-checksum="0x367436e2">
      <link type="object" struct-name="db.mgmt.Connection" key="connection">{3FE75DC6-2AC4-42D7-80AC-A0874370F382}</link>
      <value _ptr_="0B05BBE0" type="dict" key="loginInfo">
        <value type="string" key="ssh.hostName"></value>
        <value type="string" key="ssh.key">C:\Users\ELITH\AppData\Roaming/.ssh/ssh_private_key</value>
        <value type="string" key="ssh.localPort">3306</value>
        <value type="int" key="ssh.useKey">0</value>
        <value type="string" key="ssh.userName">mysql</value>
      </value>
      <value _ptr_="0B05BD20" type="dict" key="serverInfo">
        <value type="string" key="basedir">C:\Program Files\MySQL\MySQL Server 5.7\</value>
        <value type="string" key="datadir">C:\ProgramData\MySQL\MySQL Server 5.7\data\</value>
        <value type="string" key="errorLogFilePath">ELIOTH.err</value>
        <value type="string" key="generalLogFilePath">ELIOTH.log</value>
        <value type="string" key="serverVersion">5.7.4-m14</value>
        <value type="int" key="setupPending">1</value>
        <value type="string" key="slowLogFilePath">ELIOTH-slow.log</value>
        <value type="string" key="sys.config.path">%ProgramFiles%\MySQL\MySQL Server 5.0\my.ini</value>
        <value type="string" key="sys.config.section">mysqld</value>
        <value type="string" key="sys.mysqld.service_name">MySQL</value>
        <value type="string" key="sys.mysqld.start">sc start mysql</value>
        <value type="string" key="sys.mysqld.status">sc query mysql | wba_filter(RUNNING)</value>
        <value type="string" key="sys.mysqld.stop">sc stop mysql</value>
        <value type="string" key="sys.system">Windows</value>
        <value type="int" key="sys.usesudo">1</value>
        <value type="int" key="sys.usesudostatus">0</value>
        <value type="int" key="windowsAdmin">1</value>
      </value>
      <value type="string" key="name">new connection</value>
    </value>
  </value>
</data>
