<?xml version="1.0"?>
<data grt_format="2.0">
  <value _ptr_="05B90B80" type="list" content-type="object" content-struct-name="db.mgmt.Connection">
    <value type="object" struct-name="db.mgmt.Connection" id="{AFE9AD54-F4FD-465C-87C5-7C1705A083B7}" struct-checksum="0x96ba47d8">
      <link type="object" struct-name="db.mgmt.Driver" key="driver">com.mysql.rdbms.mysql.driver.native</link>
      <value type="string" key="hostIdentifier">Mysql@localhost:3307</value>
      <value type="int" key="isDefault">0</value>
      <value _ptr_="0A20A508" type="dict" key="modules"/>
      <value _ptr_="0A20A188" type="dict" key="parameterValues">
        <value type="string" key=""></value>
        <value type="int" key="OPT_READ_TIMEOUT">300</value>
        <value type="string" key="SQL_MODE"></value>
        <value type="string" key="hostName">localhost</value>
        <value type="int" key="lastConnected">1426262009</value>
        <value type="string" key="password"></value>
        <value type="int" key="port">3307</value>
        <value type="string" key="schema"></value>
        <value type="string" key="serverVersion"></value>
        <value type="string" key="sslCA"></value>
        <value type="string" key="sslCert"></value>
        <value type="string" key="sslCipher"></value>
        <value type="string" key="sslKey"></value>
        <value type="int" key="useSSL">1</value>
        <value type="string" key="userName">root</value>
      </value>
      <value type="string" key="name">Local instance MySQL56</value>
      <link type="object" struct-name="GrtObject" key="owner">{A3129CA2-FFC3-4747-A45A-D6A93D41313D}</link>
    </value>
    <value type="object" struct-name="db.mgmt.Connection" id="{7FEBA10C-4883-479B-A4AA-EB9EE9CBE718}" struct-checksum="0x96ba47d8">
      <link type="object" struct-name="db.mgmt.Driver" key="driver">com.mysql.rdbms.mysql.driver.native</link>
      <value type="string" key="hostIdentifier">Mysql@127.0.0.1:3306</value>
      <value type="int" key="isDefault">1</value>
      <value _ptr_="0A20A608" type="dict" key="modules"/>
      <value _ptr_="0A20A1C8" type="dict" key="parameterValues">
        <value type="string" key=""></value>
        <value type="int" key="OPT_READ_TIMEOUT">300</value>
        <value type="string" key="SQL_MODE"></value>
        <value type="string" key="hostName">127.0.0.1</value>
        <value type="int" key="lastConnected">1431217769</value>
        <value type="string" key="password"></value>
        <value type="int" key="port">3306</value>
        <value type="string" key="schema"></value>
        <value type="string" key="serverVersion">5.6.21-log</value>
        <value type="string" key="sslCA"></value>
        <value type="string" key="sslCert"></value>
        <value type="string" key="sslCipher"></value>
        <value type="string" key="sslKey"></value>
        <value type="int" key="useSSL">1</value>
        <value type="string" key="userName">root</value>
      </value>
      <value type="string" key="name">Local instance MySQL57</value>
      <link type="object" struct-name="GrtObject" key="owner">{A3129CA2-FFC3-4747-A45A-D6A93D41313D}</link>
    </value>
  </value>
</data>
