<?xml version="1.0"?>
<data grt_format="2.0">
  <value _ptr_="05B906B8" type="list" content-type="object" content-struct-name="db.mgmt.ServerInstance">
    <value type="object" struct-name="db.mgmt.ServerInstance" id="{34D97740-4E78-44D0-BDCC-82332776A289}" struct-checksum="0x367436e2">
      <link type="object" struct-name="db.mgmt.Connection" key="connection">{AFE9AD54-F4FD-465C-87C5-7C1705A083B7}</link>
      <value _ptr_="0A20AD08" type="dict" key="loginInfo">
        <value type="string" key="wmi.hostName"></value>
        <value type="string" key="wmi.userName"></value>
      </value>
      <value _ptr_="0A20A8C8" type="dict" key="serverInfo">
        <value type="string" key="basedir">C:\Program Files\MySQL\MySQL Server 5.6\</value>
        <value type="string" key="datadir">C:\ProgramData\MySQL\MySQL Server 5.6\data\</value>
        <value type="string" key="detected_os_name">Windows 8.1 Single Language</value>
        <value type="string" key="detected_os_type">windows</value>
        <value type="string" key="detected_os_variant">Windows</value>
        <value type="string" key="detected_os_version"></value>
        <value type="string" key="errorLogFilePath">ELITH.err</value>
        <value type="string" key="generalLogFilePath">ELITH.log</value>
        <value type="string" key="serverVersion">5.6.21-log</value>
        <value type="int" key="setupPending">0</value>
        <value type="int" key="slowLogEnabled">1</value>
        <value type="string" key="slowLogFilePath">ELITH-slow.log</value>
        <value type="string" key="sys.config.path">C:\ProgramData\MySQL\MySQL Server 5.6\my.ini</value>
        <value type="int" key="sys.config.path.lock">1</value>
        <value type="string" key="sys.config.section">mysqld</value>
        <value type="string" key="sys.mysqld.service_name">MySQL56</value>
        <value type="string" key="sys.preset">Custom</value>
        <value type="string" key="sys.sudo"></value>
        <value type="string" key="sys.system">Windows</value>
        <value type="int" key="sys.usesudo">1</value>
        <value type="int" key="sys.usesudostatus">0</value>
        <value type="int" key="windowsAdmin">1</value>
      </value>
      <value type="string" key="name">Local MySQL56</value>
    </value>
    <value type="object" struct-name="db.mgmt.ServerInstance" id="{5AA94B2E-3601-4D57-A599-F4FA1CA462BB}" struct-checksum="0x367436e2">
      <link type="object" struct-name="db.mgmt.Connection" key="connection">{AFE9AD54-F4FD-465C-87C5-7C1705A083B7}</link>
      <value _ptr_="0A20A988" type="dict" key="loginInfo">
        <value type="string" key="wmi.hostName"></value>
        <value type="string" key="wmi.userName"></value>
      </value>
      <value _ptr_="0A20A888" type="dict" key="serverInfo">
        <value type="int" key="setupPending">1</value>
        <value type="string" key="sys.config.path">C:\ProgramData\MySQL\MySQL Server 5.6\my.ini</value>
        <value type="int" key="sys.config.path.lock">1</value>
        <value type="string" key="sys.config.section">mysqld</value>
        <value type="string" key="sys.mysqld.service_name">MySQL56</value>
        <value type="string" key="sys.preset">Custom</value>
        <value type="string" key="sys.system">Windows</value>
        <value type="int" key="windowsAdmin">1</value>
      </value>
      <value type="string" key="name">Local MySQL56</value>
    </value>
    <value type="object" struct-name="db.mgmt.ServerInstance" id="{F50A22ED-7DE5-4081-9826-0F22EF5AE551}" struct-checksum="0x367436e2">
      <link type="object" struct-name="db.mgmt.Connection" key="connection">{AFE9AD54-F4FD-465C-87C5-7C1705A083B7}</link>
      <value _ptr_="0A20AEC8" type="dict" key="loginInfo">
        <value type="string" key="wmi.hostName"></value>
        <value type="string" key="wmi.userName"></value>
      </value>
      <value _ptr_="0A20AC08" type="dict" key="serverInfo">
        <value type="int" key="setupPending">1</value>
        <value type="string" key="sys.config.path">C:\ProgramData\MySQL\MySQL Server 5.6\my.ini</value>
        <value type="int" key="sys.config.path.lock">1</value>
        <value type="string" key="sys.config.section">mysqld</value>
        <value type="string" key="sys.mysqld.service_name">MySQL56</value>
        <value type="string" key="sys.preset">Custom</value>
        <value type="string" key="sys.system">Windows</value>
        <value type="int" key="windowsAdmin">1</value>
      </value>
      <value type="string" key="name">Local MySQL56</value>
    </value>
    <value type="object" struct-name="db.mgmt.ServerInstance" id="{39F07284-E665-4841-9BDF-0B298E751EA2}" struct-checksum="0x367436e2">
      <link type="object" struct-name="db.mgmt.Connection" key="connection">{7FEBA10C-4883-479B-A4AA-EB9EE9CBE718}</link>
      <value _ptr_="0A20AC48" type="dict" key="loginInfo">
        <value type="string" key="ssh.hostName"></value>
        <value type="string" key="ssh.key">C:\Users\Elioth\AppData\Roaming/.ssh/ssh_private_key</value>
        <value type="string" key="ssh.localPort">3306</value>
        <value type="int" key="ssh.useKey">0</value>
        <value type="string" key="ssh.userName">mysql</value>
      </value>
      <value _ptr_="0A20A908" type="dict" key="serverInfo">
        <value type="string" key="basedir">C:\Program Files\MySQL\MySQL Server 5.6\</value>
        <value type="string" key="datadir">C:\ProgramData\MySQL\MySQL Server 5.6\data\</value>
        <value type="string" key="detected_os_name">Windows 8.1 Single Language</value>
        <value type="string" key="detected_os_type">windows</value>
        <value type="string" key="detected_os_variant">Windows</value>
        <value type="string" key="detected_os_version"></value>
        <value type="string" key="errorLogFilePath">ELITH.err</value>
        <value type="string" key="generalLogFilePath">ELITH.log</value>
        <value type="string" key="serverVersion">5.6.21-log</value>
        <value type="int" key="setupPending">0</value>
        <value type="int" key="slowLogEnabled">1</value>
        <value type="string" key="slowLogFilePath">ELITH-slow.log</value>
        <value type="string" key="sys.config.path">C:\Program Files\MySQL\MySQL Server 5.7\my-default.ini</value>
        <value type="string" key="sys.config.section">mysqld</value>
        <value type="string" key="sys.mysqld.service_name">MySQL57</value>
        <value type="string" key="sys.mysqld.start">sc start mysql</value>
        <value type="string" key="sys.mysqld.stop">sc stop mysql</value>
        <value type="string" key="sys.preset"></value>
        <value type="string" key="sys.sudo"></value>
        <value type="string" key="sys.system">Windows</value>
        <value type="int" key="sys.usesudo">1</value>
        <value type="int" key="sys.usesudostatus">0</value>
        <value type="int" key="windowsAdmin">1</value>
      </value>
      <value type="string" key="name">Local instance MySQL57</value>
    </value>
  </value>
</data>
